420441212878,1/3/2022 7:36,1/3/2022 8:19
420666079123,2/3/2022 8:59,2/3/2022 9:14
420728897249,2/24/2022 23:56,2/25/2022 0:12
420399099033,3/5/2022 13:59,3/5/2022 14:11
420647594579,3/16/2022 15:54,3/16/2022 16:05
420791781960,4/11/2022 3:55,4/11/2022 4:01
420407477650,5/28/2022 7:59,5/28/2022 8:00
420853588634,6/7/2022 4:59,6/7/2022 5:05
420344202973,9/1/2022 23:59,9/2/2022 0:04
420659220881,9/20/2022 19:59,9/20/2022 20:01
420329278117,10/9/2022 3:59,10/9/2022 4:05
420441212878,10/28/2022 7:57,10/28/2022 8:03
420409195538,12/22/2022 3:57,12/22/2022 4:06
420362276833,12/24/2022 21:58,12/24/2022 22:00
420787127442,12/26/2022 15:55,12/26/2022 16:06
