420441212878,1/3/2022 8:16,1/3/2022 8:19
420306421116,1/5/2022 18:13,1/5/2022 18:14
420441212878,1/6/2022 3:17,1/6/2022 3:23
420215286084,1/6/2022 11:32,1/6/2022 11:33
420569672912,1/6/2022 21:02,1/6/2022 21:04
420243887202,1/7/2022 6:13,1/7/2022 6:19
420306421116,1/9/2022 14:20,1/9/2022 14:25
420956378134,1/11/2022 22:54,1/11/2022 22:55
420594093058,1/12/2022 8:43,1/12/2022 8:43
420592203276,1/12/2022 18:27,1/12/2022 18:30
420654050378,1/14/2022 3:00,1/14/2022 3:06
420816075012,1/16/2022 11:06,1/16/2022 11:10
420863347360,1/18/2022 20:11,1/18/2022 20:12
420305663081,1/19/2022 5:48,1/19/2022 5:52
420995787993,1/19/2022 13:54,1/19/2022 13:59
420306421116,1/19/2022 23:03,1/19/2022 23:07
420861743863,1/22/2022 7:42,1/22/2022 7:43
420599759670,1/23/2022 16:26,1/23/2022 16:29
420610905123,1/24/2022 1:11,1/24/2022 1:15
420770625475,1/26/2022 10:32,1/26/2022 10:37
420985866677,1/26/2022 20:10,1/26/2022 20:16
420511880146,1/29/2022 5:39,1/29/2022 5:40
420380601180,1/31/2022 14:24,1/31/2022 14:31
420441212878,2/2/2022 23:45,2/2/2022 23:46
420666079123,2/3/2022 8:59,2/3/2022 9:04
420649730578,2/5/2022 18:13,2/5/2022 18:17
420291225337,2/8/2022 2:28,2/8/2022 2:29
420995143424,2/10/2022 10:29,2/10/2022 10:30
420291949138,2/12/2022 19:05,2/12/2022 19:08
420826026819,2/14/2022 3:21,2/14/2022 3:26
420441212878,2/16/2022 11:58,2/16/2022 11:59
420549850132,2/17/2022 21:21,2/17/2022 21:27
420359969589,2/20/2022 6:01,2/20/2022 6:02
420148695121,2/21/2022 15:14,2/21/2022 15:19
420441212878,2/22/2022 0:29,2/22/2022 0:35
420833199879,2/22/2022 9:13,2/22/2022 9:19
420852824588,2/23/2022 18:54,2/23/2022 18:55
420143644176,2/24/2022 4:52,2/24/2022 4:57
420982627303,2/24/2022 14:16,2/24/2022 14:20
420728897249,2/24/2022 23:56,2/25/2022 0:02
420789448053,2/25/2022 8:32,2/25/2022 8:36
420769493756,2/26/2022 16:35,2/26/2022 16:37
420865865937,2/27/2022 1:22,2/27/2022 1:23
420670523278,2/28/2022 11:16,2/28/2022 11:18
420623802856,3/2/2022 19:55,3/2/2022 19:57
420740272802,3/5/2022 5:48,3/5/2022 5:53
420399099033,3/5/2022 13:59,3/5/2022 14:01
420579320098,3/6/2022 22:46,3/6/2022 22:51
420725026665,3/9/2022 8:29,3/9/2022 8:35
420921529289,3/11/2022 17:22,3/11/2022 17:26
420209990991,3/12/2022 1:26,3/12/2022 1:31
420721179946,3/12/2022 10:20,3/12/2022 10:23
420525098549,3/13/2022 19:20,3/13/2022 19:26
420374863964,3/16/2022 4:45,3/16/2022 4:47
420647594579,3/16/2022 13:59,3/16/2022 14:05
420336392772,3/16/2022 23:39,3/16/2022 23:44
420153204613,3/19/2022 7:47,3/19/2022 7:52
420624034876,3/19/2022 16:01,3/19/2022 16:07
420534345453,3/21/2022 0:10,3/21/2022 0:16
420169936929,3/21/2022 10:02,3/21/2022 10:08
420229515910,3/23/2022 18:51,3/23/2022 18:58
420297551713,3/26/2022 3:03,3/26/2022 3:08
420306421116,3/28/2022 12:30,3/28/2022 12:34
420188472109,3/29/2022 21:35,3/29/2022 21:39
420770370091,3/30/2022 5:48,3/30/2022 5:53
420241099215,3/31/2022 13:50,3/31/2022 13:53
420776304974,4/2/2022 22:44,4/2/2022 22:50
420541790199,4/3/2022 8:08,4/3/2022 8:14
420294168827,4/3/2022 16:34,4/3/2022 16:38
420947155177,4/6/2022 0:48,4/6/2022 0:49
420537441263,4/8/2022 9:47,4/8/2022 9:52
420335171559,4/10/2022 19:28,4/10/2022 19:34
420791781960,4/11/2022 3:55,4/11/2022 4:01
420744745273,4/13/2022 13:53,4/13/2022 13:55
420691260236,4/13/2022 22:22,4/13/2022 22:23
420929975795,4/15/2022 7:06,4/15/2022 7:11
420470394171,4/16/2022 15:29,4/16/2022 15:32
420256522224,4/17/2022 23:38,4/17/2022 23:43
420148828151,4/19/2022 8:40,4/19/2022 8:42
420306421116,4/19/2022 17:16,4/19/2022 17:18
420227740880,4/20/2022 2:12,4/20/2022 2:18
420680175598,4/21/2022 11:25,4/21/2022 11:29
420410375393,4/21/2022 21:21,4/21/2022 21:23
420934460478,4/22/2022 6:40,4/22/2022 6:45
420306421116,4/24/2022 15:52,4/24/2022 15:56
420680635552,4/25/2022 0:00,4/25/2022 0:04
420259313052,4/27/2022 9:33,4/27/2022 9:39
420159036419,4/27/2022 17:56,4/27/2022 17:59
420958436403,4/30/2022 3:39,4/30/2022 3:41
420950883896,5/1/2022 12:37,5/1/2022 12:39
420441212878,5/3/2022 22:04,5/3/2022 22:05
420291721664,5/5/2022 7:50,5/5/2022 7:56
420353069980,5/6/2022 16:04,5/6/2022 16:08
420689483931,5/8/2022 1:08,5/8/2022 1:14
420306876607,5/8/2022 9:45,5/8/2022 9:48
420971839760,5/10/2022 19:39,5/10/2022 19:43
420558423122,5/11/2022 5:08,5/11/2022 5:12
420393010574,5/12/2022 14:32,5/12/2022 14:38
420744458504,5/15/2022 0:00,5/15/2022 0:06
420306421116,5/17/2022 8:35,5/17/2022 8:40
420315015684,5/19/2022 17:03,5/19/2022 17:10
420548806473,5/20/2022 1:11,5/20/2022 1:15
420600768405,5/21/2022 10:50,5/21/2022 10:52
420490506169,5/21/2022 20:14,5/21/2022 20:18
420448147315,5/24/2022 4:32,5/24/2022 4:35
420306421116,5/26/2022 14:19,5/26/2022 14:20
420209014824,5/27/2022 22:44,5/27/2022 22:45
420407477650,5/28/2022 7:59,5/28/2022 8:00
420614140610,5/30/2022 17:23,5/30/2022 17:30
420269696182,6/2/2022 2:57,6/2/2022 2:58
420987618521,6/4/2022 12:08,6/4/2022 12:14
420688725811,6/6/2022 20:42,6/6/2022 20:43
420853588634,6/7/2022 4:59,6/7/2022 5:05
420646056987,6/7/2022 13:33,6/7/2022 13:37
420861641286,6/8/2022 22:13,6/8/2022 22:16
420426521332,6/11/2022 6:21,6/11/2022 6:22
420441212878,6/11/2022 16:16,6/11/2022 16:20
420984617345,6/14/2022 0:19,6/14/2022 0:19
420960940408,6/15/2022 10:05,6/15/2022 10:06
420511384092,6/16/2022 19:54,6/16/2022 19:58
420213878489,6/19/2022 5:44,6/19/2022 5:45
420586114955,6/19/2022 13:57,6/19/2022 13:58
420499217506,6/20/2022 22:03,6/20/2022 22:06
420336530806,6/23/2022 7:05,6/23/2022 7:09
420948010487,6/24/2022 16:52,6/24/2022 16:53
420487180492,6/27/2022 2:34,6/27/2022 2:39
420573183078,6/29/2022 11:10,6/29/2022 11:13
420558813804,7/1/2022 19:45,7/1/2022 19:50
420528984930,7/2/2022 5:37,7/2/2022 5:38
420725749841,7/4/2022 14:06,7/4/2022 14:12
420974936922,7/4/2022 23:00,7/4/2022 23:05
420315393394,7/5/2022 8:52,7/5/2022 8:53
420284323881,7/5/2022 18:42,7/5/2022 18:48
420538883241,7/7/2022 4:33,7/7/2022 4:34
420285614614,7/7/2022 13:36,7/7/2022 13:39
420166125337,7/7/2022 23:07,7/7/2022 23:08
420858277717,7/9/2022 8:04,7/9/2022 8:05
420659061256,7/10/2022 16:44,7/10/2022 16:49
420268161332,7/11/2022 2:18,7/11/2022 2:19
420477449513,7/12/2022 11:31,7/12/2022 11:34
420584045950,7/13/2022 21:22,7/13/2022 21:27
420811465813,7/16/2022 6:34,7/16/2022 6:37
420483434196,7/18/2022 16:11,7/18/2022 16:15
420333667470,7/19/2022 1:08,7/19/2022 1:13
420441212878,7/20/2022 10:41,7/20/2022 10:43
420662740230,7/20/2022 20:16,7/20/2022 20:20
420839484107,7/23/2022 4:18,7/23/2022 4:22
420256988288,7/25/2022 13:34,7/25/2022 13:40
420704352046,7/25/2022 21:46,7/25/2022 21:51
420167181638,7/27/2022 7:28,7/27/2022 7:33
420390091683,7/27/2022 15:44,7/27/2022 15:45
420454767947,7/30/2022 0:50,7/30/2022 0:52
420726434376,8/1/2022 9:37,8/1/2022 9:42
420202929118,8/1/2022 18:48,8/1/2022 18:51
420293001246,8/3/2022 3:22,8/3/2022 3:24
420160389787,8/4/2022 12:07,8/4/2022 12:12
420203271946,8/5/2022 21:55,8/5/2022 21:59
420466510080,8/8/2022 7:48,8/8/2022 7:53
420657661149,8/8/2022 17:07,8/8/2022 17:13
420931384336,8/9/2022 1:20,8/9/2022 1:24
420994576255,8/9/2022 9:48,8/9/2022 9:52
420346204425,8/10/2022 18:32,8/10/2022 18:35
420657547538,8/13/2022 2:32,8/13/2022 2:36
420153105396,8/15/2022 11:56,8/15/2022 11:59
420839765438,8/17/2022 21:23,8/17/2022 21:29
420456548123,8/18/2022 6:02,8/18/2022 6:04
420723946379,8/18/2022 14:56,8/18/2022 14:59
420743015194,8/20/2022 0:03,8/20/2022 0:10
420179959907,8/20/2022 9:43,8/20/2022 9:48
420327699020,8/20/2022 18:47,8/20/2022 18:49
420368716397,8/22/2022 3:49,8/22/2022 3:54
420825797398,8/24/2022 11:58,8/24/2022 11:58
420725645314,8/26/2022 20:30,8/26/2022 20:34
420853118528,8/29/2022 5:32,8/29/2022 5:37
420352766114,8/31/2022 15:08,8/31/2022 15:12
420344202973,9/1/2022 23:59,9/2/2022 0:04
420818410661,9/4/2022 8:31,9/4/2022 8:34
420552477337,9/4/2022 17:45,9/4/2022 17:49
420660891073,9/6/2022 2:33,9/6/2022 2:37
420767413345,9/8/2022 11:00,9/8/2022 11:02
420634549169,9/10/2022 20:47,9/10/2022 20:51
420390874705,9/12/2022 5:35,9/12/2022 5:41
420373518075,9/12/2022 14:42,9/12/2022 14:48
420306421116,9/13/2022 22:49,9/13/2022 22:52
420413944181,9/14/2022 8:09,9/14/2022 8:10
420834734754,9/16/2022 16:36,9/16/2022 16:39
420952020023,9/18/2022 2:00,9/18/2022 2:05
420644319993,9/18/2022 10:22,9/18/2022 10:26
420659220881,9/20/2022 19:59,9/20/2022 20:01
420781155457,9/21/2022 4:24,9/21/2022 4:27
420565377249,9/23/2022 14:02,9/23/2022 14:06
420174574104,9/24/2022 23:11,9/24/2022 23:11
420704408925,9/25/2022 8:49,9/25/2022 8:53
420371213406,9/25/2022 18:01,9/25/2022 18:02
420537608076,9/26/2022 2:28,9/26/2022 2:34
420679349634,9/27/2022 11:31,9/27/2022 11:33
420441212878,9/28/2022 20:30,9/28/2022 20:34
420294427178,10/1/2022 6:11,10/1/2022 6:14
420111473552,10/2/2022 15:20,10/2/2022 15:22
420959808687,10/3/2022 23:34,10/3/2022 23:37
420299175396,10/4/2022 8:53,10/4/2022 8:58
420568680314,10/6/2022 18:25,10/6/2022 18:31
420329278117,10/9/2022 3:59,10/9/2022 4:05
420139242276,10/9/2022 13:39,10/9/2022 13:45
420208835020,10/10/2022 21:44,10/10/2022 21:47
420698639172,10/11/2022 6:18,10/11/2022 6:19
420819271110,10/13/2022 14:26,10/13/2022 14:32
420890707141,10/14/2022 23:03,10/14/2022 23:07
420748375529,10/17/2022 7:06,10/17/2022 7:12
420613395082,10/19/2022 16:22,10/19/2022 16:26
420324118222,10/21/2022 0:43,10/21/2022 0:49
420980369736,10/21/2022 9:34,10/21/2022 9:36
420329357368,10/23/2022 18:11,10/23/2022 18:14
420679656925,10/25/2022 3:57,10/25/2022 3:59
420708989673,10/25/2022 13:01,10/25/2022 13:05
420437809106,10/25/2022 22:10,10/25/2022 22:12
420441212878,10/28/2022 7:57,10/28/2022 8:03
420310206023,10/29/2022 17:26,10/29/2022 17:30
420370475615,10/30/2022 2:18,10/30/2022 2:19
420306421116,10/30/2022 11:27,10/30/2022 11:28
420407005041,10/31/2022 20:15,10/31/2022 20:17
420987092421,11/2/2022 5:44,11/2/2022 5:47
420638405362,11/2/2022 15:31,11/2/2022 15:34
420834394350,11/3/2022 0:23,11/3/2022 0:27
420533626944,11/4/2022 9:52,11/4/2022 9:57
420625440746,11/5/2022 19:24,11/5/2022 19:27
420185385521,11/8/2022 4:44,11/8/2022 4:45
420556042445,11/9/2022 13:22,11/9/2022 13:26
420920963828,11/10/2022 23:01,11/10/2022 23:06
420820662804,11/11/2022 7:31,11/11/2022 7:35
420623943727,11/13/2022 17:12,11/13/2022 17:14
420419623984,11/14/2022 3:01,11/14/2022 3:03
420957384733,11/15/2022 11:13,11/15/2022 11:16
420641666513,11/17/2022 20:16,11/17/2022 20:17
420288370575,11/18/2022 5:01,11/18/2022 5:04
420536380929,11/19/2022 14:35,11/19/2022 14:38
420551124445,11/19/2022 23:27,11/19/2022 23:29
420306421116,11/21/2022 9:25,11/21/2022 9:29
420254741409,11/23/2022 17:28,11/23/2022 17:34
420288051874,11/24/2022 2:21,11/24/2022 2:24
420874296757,11/24/2022 11:29,11/24/2022 11:33
420994150518,11/25/2022 21:03,11/25/2022 21:04
420680995972,11/26/2022 5:51,11/26/2022 5:55
420518744501,11/27/2022 14:02,11/27/2022 14:03
420415781860,11/29/2022 23:22,11/29/2022 23:26
420638771476,12/2/2022 7:39,12/2/2022 7:40
420135001450,12/4/2022 17:25,12/4/2022 17:29
420459434606,12/7/2022 3:17,12/7/2022 3:20
420434292913,12/7/2022 12:39,12/7/2022 12:45
420515434138,12/8/2022 20:49,12/8/2022 20:54
420336243183,12/11/2022 5:45,12/11/2022 5:47
420726092180,12/13/2022 14:31,12/13/2022 14:36
420518163832,12/15/2022 23:02,12/15/2022 23:05
420764257597,12/16/2022 7:55,12/16/2022 7:59
420960186388,12/16/2022 16:27,12/16/2022 16:32
420368587351,12/18/2022 1:16,12/18/2022 1:22
420975072468,12/19/2022 10:35,12/19/2022 10:36
420373421277,12/19/2022 19:43,12/19/2022 19:43
420409195538,12/22/2022 3:57,12/22/2022 4:02
420666832543,12/24/2022 13:07,12/24/2022 13:12
420362276833,12/24/2022 21:58,12/24/2022 22:00
420800850294,12/26/2022 6:43,12/26/2022 6:46
420787127442,12/26/2022 15:40,12/26/2022 15:45
420602631867,12/27/2022 0:52,12/27/2022 0:53
420105118386,12/29/2022 9:47,12/29/2022 9:48
420164642573,12/30/2022 19:23,12/30/2022 19:28
